{
  "timestamp": "2026-02-04T20:08:04.053266",
  "ollama": {
    "source": "ollama_benchmark",
    "num_requests": 25,
    "ttft": {
      "mean": 0.13503488164395094,
      "std": 0.048658066145028676,
      "min": 0.12068062787875533,
      "max": 0.3680618810467422
    },
    "tpot": {
      "mean": 0.013192802126943527,
      "std": 0.000415009648940451,
      "min": 0.012756391749295931,
      "max": 0.014381683664396405
    },
    "itl": {
      "mean": 0.012560791197445933,
      "std": 9.199498004267825e-05
    },
    "throughput": {
      "tokens_per_second_mean": 75.86796502704848,
      "total_tokens": 6815
    }
  },
  "etalon": {},
  "comparison": {}
}