{
  "timestamp": "2026-02-11T12:06:13.020307",
  "ollama": {
    "source": "ollama_benchmark",
    "num_requests": 25,
    "ttft": {
      "mean": 0.14072753999964335,
      "std": 0.17888722513415878,
      "min": 0.09750112499750685,
      "max": 0.9986048330029007
    },
    "tpot": {
      "mean": 0.018666946892122473,
      "std": 0.002020875162035801,
      "min": 0.018014602130974774,
      "max": 0.02831410326088308
    },
    "itl": {
      "mean": 0.01783533574038203,
      "std": 0.00024296623867962072
    },
    "throughput": {
      "tokens_per_second_mean": 53.97923807425306,
      "total_tokens": 11326
    }
  },
  "etalon": {},
  "guidellm": {},
  "comparison": {
    "throughput": {
      "ollama_tok_s": 53.97923807425306
    }
  }
}