{
  "timestamp": "2026-02-11T11:14:10.984130",
  "ollama": {
    "source": "ollama_benchmark",
    "num_requests": 25,
    "ttft": {
      "mean": 0.20859668172022794,
      "std": 0.4910406489423698,
      "min": 0.10377941599290352,
      "max": 2.5655546250054613
    },
    "tpot": {
      "mean": 0.019371526405185337,
      "std": 0.005720711147294354,
      "min": 0.01792396879993761,
      "max": 0.04681508764377046
    },
    "itl": {
      "mean": 0.01778990900104899,
      "std": 0.00029881495302299684
    },
    "throughput": {
      "tokens_per_second_mean": 53.52642650296659,
      "total_tokens": 11414
    }
  },
  "etalon": {},
  "guidellm": {},
  "comparison": {
    "throughput": {
      "ollama_tok_s": 53.52642650296659
    }
  }
}