{
  "timestamp": "2026-02-10T15:28:13.336822",
  "ollama": {
    "source": "ollama_benchmark",
    "num_requests": 25,
    "ttft": {
      "mean": 3.5108517498799987,
      "std": 6.31390556730504,
      "min": 0.10195387500002084,
      "max": 18.842916709000008
    },
    "tpot": {
      "mean": 0.034281246516937744,
      "std": 0.045876478269950394,
      "min": 0.018075766991416387,
      "max": 0.24174857936904764
    },
    "itl": {
      "mean": 0.017830459180375704,
      "std": 0.0002864060899252639
    },
    "throughput": {
      "tokens_per_second_mean": 45.27943891816137,
      "total_tokens": 11098
    }
  },
  "etalon": {},
  "guidellm": {},
  "comparison": {
    "throughput": {
      "ollama_tok_s": 45.27943891816137
    }
  }
}