{
  "timestamp": "2026-02-04T20:22:14.424673",
  "ollama": {
    "source": "ollama_benchmark",
    "num_requests": 25,
    "ttft": {
      "mean": 0.1648450531065464,
      "std": 0.20203376653080848,
      "min": 0.12032683193683624,
      "max": 1.1345312828198075
    },
    "tpot": {
      "mean": 0.013203612010727629,
      "std": 0.0009451545195818313,
      "min": 0.01273453558781114,
      "max": 0.01766664654105192
    },
    "itl": {
      "mean": 0.012496834814941977,
      "std": 0.00012732438076552133
    },
    "throughput": {
      "tokens_per_second_mean": 76.02263568577536,
      "total_tokens": 6819
    }
  },
  "etalon": {},
  "comparison": {}
}