{
  "timestamp": "2026-02-10T14:54:46.215253",
  "ollama": {
    "source": "ollama_benchmark",
    "num_requests": 25,
    "ttft": {
      "mean": 0.6992524684000003,
      "std": 2.9614107977393878,
      "min": 0.09843820800000458,
      "max": 14.914004833
    },
    "tpot": {
      "mean": 0.026211665602159564,
      "std": 0.039094664517332796,
      "min": 0.017937366129277564,
      "max": 0.2138564013157895
    },
    "itl": {
      "mean": 0.017925284714301097,
      "std": 0.00033750782644713655
    },
    "throughput": {
      "tokens_per_second_mean": 52.404032911864434,
      "total_tokens": 11074
    }
  },
  "etalon": {},
  "guidellm": {},
  "comparison": {
    "throughput": {
      "ollama_tok_s": 52.404032911864434
    }
  }
}