{
  "timestamp": "2026-02-10T15:24:31.024255",
  "ollama": {
    "source": "ollama_benchmark",
    "num_requests": 25,
    "ttft": {
      "mean": 0.7589196117200004,
      "std": 2.175735777989875,
      "min": 0.09953979200000163,
      "max": 10.25313700000001
    },
    "tpot": {
      "mean": 0.01960345387153022,
      "std": 0.00401290219634898,
      "min": 0.017909358502040784,
      "max": 0.03611555756890458
    },
    "itl": {
      "mean": 0.017783462365510396,
      "std": 0.0003017566802098894
    },
    "throughput": {
      "tokens_per_second_mean": 52.32329920613275,
      "total_tokens": 11211
    }
  },
  "etalon": {},
  "guidellm": {},
  "comparison": {
    "throughput": {
      "ollama_tok_s": 52.32329920613275
    }
  }
}