{
  "timestamp": "2026-02-10T15:00:13.218902",
  "ollama": {
    "source": "ollama_benchmark",
    "num_requests": 25,
    "ttft": {
      "mean": 0.10878920676000221,
      "std": 0.004911139931140386,
      "min": 0.09952166700000475,
      "max": 0.11407895899999687
    },
    "tpot": {
      "mean": 0.01837082027302194,
      "std": 0.0002744665191573106,
      "min": 0.018046187948051948,
      "max": 0.019089565347368425
    },
    "itl": {
      "mean": 0.01788812611632294,
      "std": 0.0003075120705320836
    },
    "throughput": {
      "tokens_per_second_mean": 54.44560879199029,
      "total_tokens": 11373
    }
  },
  "etalon": {},
  "guidellm": {},
  "comparison": {
    "throughput": {
      "ollama_tok_s": 54.44560879199029
    }
  }
}