{
  "timestamp": "2026-02-04T19:51:15.686434",
  "ollama": {
    "source": "ollama_benchmark",
    "num_requests": 15,
    "ttft": {
      "mean": 0.1391931000786523,
      "std": 0.05001172975072483,
      "min": 0.12243162794038653,
      "max": 0.3196150492876768
    },
    "tpot": {
      "mean": 0.01331880493001211,
      "std": 0.00057415769079241,
      "min": 0.012950372026450392,
      "max": 0.015074256399268474
    },
    "itl": {
      "mean": 0.012631189211542255,
      "std": 7.463332242499892e-05
    },
    "throughput": {
      "tokens_per_second_mean": 75.20111191928662,
      "total_tokens": 4081
    }
  },
  "etalon": {},
  "comparison": {}
}