{
  "timestamp": "2026-02-10T15:16:01.518833",
  "ollama": {
    "source": "ollama_benchmark",
    "num_requests": 25,
    "ttft": {
      "mean": 0.10409861180000152,
      "std": 0.006821920962510163,
      "min": 0.09842658400000026,
      "max": 0.11594729200001552
    },
    "tpot": {
      "mean": 0.018272346475128234,
      "std": 0.00021661792449340135,
      "min": 0.017940035241666645,
      "max": 0.018819250903225806
    },
    "itl": {
      "mean": 0.017846934447612192,
      "std": 0.00024087910700470623
    },
    "throughput": {
      "tokens_per_second_mean": 54.73481777045958,
      "total_tokens": 10961
    }
  },
  "etalon": {},
  "guidellm": {},
  "comparison": {
    "throughput": {
      "ollama_tok_s": 54.73481777045958
    }
  }
}