{
  "timestamp": "2026-02-04T20:00:20.976678",
  "ollama": {
    "source": "ollama_benchmark",
    "num_requests": 25,
    "ttft": {
      "mean": 0.1326578950881958,
      "std": 0.04230227315353446,
      "min": 0.12043480295687914,
      "max": 0.3354855510406196
    },
    "tpot": {
      "mean": 0.013135221150777846,
      "std": 0.0004712626967878788,
      "min": 0.012699061378292902,
      "max": 0.015052234416883161
    },
    "itl": {
      "mean": 0.012547987163082102,
      "std": 0.00010386951025566635
    },
    "throughput": {
      "tokens_per_second_mean": 76.21669743490064,
      "total_tokens": 7219
    }
  },
  "etalon": {},
  "comparison": {}
}