{
  "timestamp": "2026-02-10T17:08:15.606519",
  "ollama": {
    "source": "ollama_benchmark",
    "num_requests": 25,
    "ttft": {
      "mean": 0.12750705991999922,
      "std": 0.13619988184339227,
      "min": 0.09727287499999804,
      "max": 0.7810663750000001
    },
    "tpot": {
      "mean": 0.01844834679917304,
      "std": 0.0012675135033754267,
      "min": 0.01801008871982756,
      "max": 0.02448276987155963
    },
    "itl": {
      "mean": 0.017800989416996583,
      "std": 0.0002597680526922665
    },
    "throughput": {
      "tokens_per_second_mean": 54.39411551067291,
      "total_tokens": 10983
    }
  },
  "etalon": {},
  "guidellm": {},
  "comparison": {
    "throughput": {
      "ollama_tok_s": 54.39411551067291
    }
  }
}